{
	"textures": {
		"0": "banana.colored_woods:block/cherry/log/purple_cherry_log",
		"particle": "banana.colored_woods:block/cherry/log/purple_cherry_log"
	},
	"elements": [
		{
			"from": [-0.01, -0.01, -0.01],
			"to": [16.01, 16.01, 16.01],
			"faces": {
				"north": {"uv": [0, 0, 16, 16], "texture": "#0"},
				"east": {"uv": [0, 0, 16, 16], "texture": "#0"},
				"south": {"uv": [0, 0, 16, 16], "texture": "#0"},
				"west": {"uv": [0, 0, 16, 16], "texture": "#0"},
				"up": {"uv": [0, 0, 16, 16], "texture": "#0"},
				"down": {"uv": [0, 0, 16, 16], "texture": "#0"}
			}
		}
	],
	"display":{
		"thirdperson_righthand": {
			"scale": [0.375, 0.375, 0.375],
			"rotation": [75, -45, 0],
			"translation": [0, 2.5, 0]
		},
		"head": {
			"scale": [1.6, 1.61, 1.62],
			"translation": [0, -43.25, 0.01]
		},
		"ground": {
			"scale": [0.25, 0.25, 0.25],
			"rotation": [0, 0, 0],
			"translation": [0, 3, 0]
		},
		"fixed": {
			"scale": [0.5, 0.5, 0.5],
			"rotation": [0, 0, 0],
			"translation": [0, 0, 0]
		},
		"gui": {
			"scale": [0.625, 0.625, 0.625],
			"rotation": [30, 45, 0],
			"translation": [0, 0, 0]
		},
		"firstperson_lefthand": {
			"scale": [0.4, 0.4, 0.4],
			"rotation": [0, -55, 0],
			"translation": [0, 0, 0]
		},
		"firstperson_righthand": {
			"scale": [0.4, 0.4, 0.4],
			"rotation": [0, -55, 0],
			"translation": [0, 0, 0]
		},
		"thirdperson_lefthand": {
			"scale": [0.375, 0.375, 0.375],
			"rotation": [75, -45, 0],
			"translation": [0, 2.5, 0]
		}
	}
}